{"cameraMode":{"drawMode":0,"name":"Shaded","section":"Shading Mode"},"sceneLighting":true,"audioPlay":false,"sceneViewState":{"m_AlwaysRefresh":false,"showFog":true,"showSkybox":true,"showFlares":true,"showImageEffects":true,"showParticleSystems":true,"showVisualEffectGraphs":true,"m_FxEnabled":true},"in2DMode":false,"pivot":{"x":0.1918954849243164,"y":4.388176441192627,"z":0.08499908447265625},"rotation":{"x":0.5172230005264282,"y":0.002053504576906562,"z":-0.0012413646327331663,"w":0.8558565974235535},"size":28.974048614501954,"orthographic":false}